0,Shuddhi Clinic By Acharya M..,Bellandpur Main Ro.. |,07947368594
1,Krishna Ayurvedalaya,"Bustop, Rajarajesh.. |",07947162872
2,AyurVAID Hospitals @ Aster ..,"Hebbal, Sahakara N.. |",+(91)-080-6584840
3,Ayur Central,"Palya Main Road, R.. |",07947160384
4,Siddhanta Ayurveda,"Road, Aecs Layout .. |",07947165968
5,Isha Ayurveda,"Street, RMV Extens.. |",07947275438
6,Sadaayush Ayurveda Panchaka..,"9th A Main, Vijaya.. |",07947159977
7,Ayurvaid Hospitals,"Domlur Extension, .. |",07947460234
8,Ayurvaid Hospitals,"Palya Main Road, R.. |",07947460231
9,Swastha.life,"Kothanur, Jp Nagar.. |",07947165889
0,Ayurvaid Hospitals,"Domlur Extension, .. |",
1,Ayurvaid Hospitals,"Palya Main Road, R.. |",
2,Shuddhi Clinic By Acharya M..,Bellandpur Main Ro.. |,
3,Jiva Ayurveda Clinic,Of Fashion Technol.. |,
4,Sagar Ayur Pharma,"LIC Colony, Jeevan.. |",
5,Vedic Chikitsa,"Kasthurinagar, Ram.. |",
6,Ayurhealing Ayurvedic And S..,"6th Block, Koraman.. |",
7,Krishna Ayurvedalaya,"Bustop, Rajarajesh.. |",
8,Kerala Ayurveda Multi Speci..,"7th Main, Jayanaga.. |",
9,Santhigiri Ayurveda Hospita..,"6th Sector, Hsr La.. |",
0,Shuddhi Clinic By Acharya M..,Bellandpur Main Ro.. |,07947368594
1,Ayurvaid Hospitals,"Domlur Extension, .. |",07947460234
2,Ayurvaid Hospitals,"Palya Main Road, R.. |",07947460231
3,Jiva Ayurveda Clinic,Of Fashion Technol.. |,07947161764
4,Sagar Ayur Pharma,"LIC Colony, Jeevan.. |",+(91)-080-25288660
5,Vedic Chikitsa,"Kasthurinagar, Ram.. |",07947214654
6,Ayurhealing Ayurvedic And S..,"6th Block, Koraman.. |",07947160005
7,Kerala Ayurveda Multi Speci..,"7th Main, Jayanaga.. |",07947157775
8,Santhigiri Ayurveda Hospita..,"6th Sector, Hsr La.. |",07947162783
9,Ayur Central,"Palya Main Road, R.. |",07947160384
